OGT,Topt,Mutation,P_seq
35.480685395976955,50.12175060270214,L201S_S35K,MLTKNLLLCFAAAKAALAVPHDSVAQRSDALHMLKERSTPSSTGENNGFYYSFWTDGGGDVTYTNGDAGAYTVEWSNVGNFVGGKGWNPGSAQDITYSGTFTPSGNGYLSVYGWTTDPLIEYYIVESYGDYNPGSGGTYKGTVTSDGSVYDIYTATRTNAASIQGTATFTQYWSVRQNKRVGGTVTTSNHFNAWAKLGMNSGTHNYQIVATEGYQSSGSSSITVQ
47.32891868039555,48.91967564479033,T144I_T142V,MLTKNLLLCFAAAKAALAVPHDSVAQRSDALHMLSERSTPSSSGENNGFYYSFWTDGGGDVTNTNGDAGAYTVEWSNVGNFVGGKGWNPGSAQDITYSGTFTPSGNGYLSVYGWTTDPLIEYYIVESYGDYNPGSGGTYKGVVISDGSVYDIYTATRTNAASIQGTATFTQYWSVRQNKRVGGTVTTSNHFNAWAKLGMNLGTHNYQIVATEGYQSSGSSSITVQ
39.648902614805166,52.5854417095206,G44E_S41N,MLTKNLLLCFAAAKAALAVPHDSVAQRSDALHMLSERSTPNSSEENNGFIYSFWTDGGGDVTNTNGDAGAYTVEWSNVGNFVGGKGWNPGSAQDITYSGKFTPSGNGYLSVYGWTTDPLIEYYIVESYGDYNPGSGGTYKGTVTSDGSVYDIYTATRTNAASIQGTATFTQYWSVRQNKRVGGTVTTSNHFNAWAKLGMNLGTHNYQIVATEGYQSSGSSSITVQ
41.05875404616049,53.84118860544465,Q215N_S38I,MLTKNLLLCFAAAKAALAVPHDSVAQRSDALHMLSERITPSSSGENNGFIYSFWTNGGGDVTNTNGDAGAYTVEWSNVGNFVGGKGWNPGSAQDITYSGKFTPSGNGYLSVYGWTTDPLIEYYIVESYGDYNPGSGGTYKGTVTSDGSVYDIYTATRTNAASIQGTATFTQYWSVRQNKRVGGTVTTSNHFNAWAKLGMNLGTHNQQIVATEGYNSSGSSSITVQ
43.659312415459986,54.41918986850002,Q164L_Q215N,MLTKNLLLCFAAAKAALAVPHDSVAQRSDALHMLSERSTPSSSGENNGFIYSFWTNGGGDVTNTNGDAGAYLVEWSNVGVFVGGKGWNPGSAQDITYSGKFTPSGNGYLSVYGWTTDPLIEYYIVESYGDYNPGSGGTYKGTVTSDGSVYDIYTATRTNAASILGTATFTQYWSVRQNKRVGGTVTTSNHFNAWAKLGMNLGTHNQQIVATEGYNSSGSSSITVQ
44.55668741189203,55.32262841356075,Q215N_S174I,MLTKNLLLCFAAAKAALAVPHDSVAQRSDALHMLSERSTPSSSGENNGFIYSFWTNGGGDVTNTNGDAGAYLVEWSNVGVFVGGKGWNPGSAQDITYSGKFTPSGNGYLSVYGWTTDPLIEYYIVESYGDYNPGSGGTYKGTVTSDGPVYDIYTATRTNAASIQGTATFTQYWIVRQNKRVGGTVTTSNHFNAWAKLGMNLGTHNQQIVATEGYNSSGSSSITVF
47.679066730555085,56.63790379414356,S38R_G134N,MLTKNLLLCFAAAKAALAVPHDSVAQRSDALHMLSERRTPSSSGENNGFIYSFWTNGGGDVTNTNGDAGAYLVEWSNVGVFVNGKGWNPGSAQDITYSGKFTPSGNGYLSVYGWTTDPLIEYYIVESYGDYNPNSGGTYKGTVTSDGPVYDIYTATRTNAASIQGTATFTQYWSVRQNKRVGGTVTTSNHFNAWAKLGMNLGTHNQHIVATEGYQSSGSSSITVF
49.53087594621145,57.464218366512334,S28R_G218N,MLTKNLLLCFAAAKAALAVPHDSVAQRRDALHMLKERSTPSSSGENNGFIYSFWTNGGGDVTNTNGDAGAYLVEWSNVGVFVNGKGWNPGSAQDITYSGKFTPSGNGYLSVYGWTTDPLIEYMIVESYGDYNPGSGGTYKGTVTSDGPVYDIYTATRTNAASIQGTATFTQYWSVRQNKRVGGTVTTSNHFNAWAKLGMNLGTHNQHIVATEGYQSSNSSSITVF
49.42036139032986,58.11380540138313,T144N_G79K,MLTKNLLLCFAAAKAALAVPHDSVAQRSDALHMLKERSTPSSSGENNGFIYSFWTNGGGDVTNTNGDAGAYLVEWSNVKVFVNGKGWNPGSAQDITYSGKFTPSGNGYLSVYGWTTDPLIEYMIVESYGDYNPGSGGTYKGTVNSDGPVYDIYTATRTNAASIQGTATFTQYWSVRQNKRVGGTVTTSNHFNAWLKLGMNLETHNQHIVATEGYQSSGSSSITVF
53.058012523720805,59.360206587449134,A13R_D22N,MLTKNLLLCFAARKAALAVPHNSVAQRSDALHMLKERLTPSSSYENNGFIYSFWTNGGGDVTNTNGDAGAYLVEWSNVGVFVNGKGWNPGSAQDITYSGKFTPSGNGYLSVYGWTTDPLIEYMIVESYGDYNPGSGGTYKGTVTSDGPVYDIYTATRTNAASIQGTATFTQYWSVRQNKRVGGTVTTSNHFNAWLKLGMNLETHNQHIVATEGYQSSGSSSITVF
55.69881972836139,60.79798425641974,D29I_Q206S,MLTKNLLLCFAAAKAALAVPHDSVAQRSIALHMLKERLTPSSSYENNGFIYSFWTNGGGDVTNTNGDAGAYLVEWSNVGVFVNGKGWNPGSAQDITYSGKFTPSGNGYLSVYGWTTDPLIEYMIVESYGDYNPGSGGTYKGTVTSDGPVYDIYTATRTNAASIQGTATFTQYWSVRQNKRVGGTVTTSNGFNAWLKLGMNLETHNSHIVATEGYQSSFSSSITVF
55.306235378477936,61.54881400723089,N178I_Q206S,MLTKNLLLCFAAAKAALAVPHDSVAQRSDCLHMLKERLTPSSSYENNGFIYSFWTNGGGDVTNTNGDAGAQLVEWSNVGVFVNGKGWNPGSAQDITYSGKFTPSGNGYLSVYGWTTDPLIEYMIVESYGDYNPGSGGTYKGTVTSDGPVYDIYTATRTNAASIQGTATFTQYWSVRQIKRVGGTVTTSNGFNAWLKLGMNLETHNSHIVATEGYQSSFSSSITVF
55.5948325961907,62.30799094428554,D22N_N77R,MLTKNDLLCFAAAKAALAVPHNSVAQRSDCLHMLKERLTPSSSYENNGFIYSFWTNGGGDVTNTNGDAGAQLVEWMRVGVFVNGKGWNPGSAQDITYSGKFTPSGNGYLSVYGWTTDPLIEYMIVESYGDYNPGSGGTYKGTVTSDGPVYDIYTATRTNAASIQGTATFTQYWSVRQNKRVGGTVTTSNGFNAWLKLGMNLETHNQHIVATEGYQSSFSSSITVF
55.84644656110433,64.0571770844701,I120R_G84S,MLTKNDLLCFAAAKAALAVPHDSVAQRSDCLHMLKERLTPSSSYENNGFIYSFWTNGGGDVTNCNGDAGAQLVEWMNVGVFVNSKGWNPGSAQDITYSGKFTPSGNGYLSVYGWTTDPLREYMIVESYGDYNPGSGGTYKGTVTSDGPVYDIYTATRTNAASIQGTATFTQYWSVRQNKRVGGTVTTSNGFNAWLKLGMNLETPNQHIVATEGYQSSFSSSITVF
56.86793656378938,65.3800396088893,D22N_Y44R,MLTKNDLLCFAAAKAALAVPHNSVAQRSDCLHMLKERLTPSSSRENNGFIYSFWTNGGGDVTNCNGDAGAQLVEWMNVGVFVNGKGWNPGSAQDITYSGKFTPSGNGYLSVYGWTTDPLIEYMPVESYGDYNPGSGGTYKATVTSDGPVYDIYTATRTNAASIQGTATFTQYWSVRQNKRVGGTVTTSNGFNAWLKLGMNLETPNQHIVATEGYQSSFSSSITVF
60.67515971571803,66.78406383945686,Q206S_N65R,MLTKNDLLCFAAAKAALAVPHDSVAQRSDCLHMLKERLTPSSSYENNGFIYSFWTNGGGDVTNCRGDAGAQLVEWMNVGVFVNGKGWNPGSAQDITYSGKFTPSGNGYLSVYTWTTDPLIEYMPVESYGDYNPGSGGTYKATVTSDGPVYDIYTATRTNAASIQGTATFTQYWSVRQVKRVGGTVTTSNGFNAWLKLGMNLETPNSHIVATEGYQSSFSSSITVF
